Age,Gender,HeartRate,SystolicBP,DiastolicBP,BloodSugar,CKMB,Troponin,Result
42,1,82,120,80,111,1.41,0.003,negative
51,1,83,102,68,157,2.5,0.036,positive
65,1,70,118,72,222,2.0,0.179,positive
41,1,92,147,78,155,7.01,0.003,positive
75,0,89,145,68,96,2.09,0.518,positive
58,1,90,150,84,94,1.43,0.425,positive
42,1,88,152,87,113,2.31,0.003,negative
72,0,88,155,85,202,64.86,0.019,positive
60,1,83,153,91,104,0.51,0.01,negative
58,1,60,144,79,99,1.65,0.431,positive
70,0,80,130,85,230,0.921,0.401,positive
50,0,61,90,57,100,1.43,0.003,negative
66,1,68,91,61,111,2.22,0.015,positive
75,0,70,134,58,217,2.82,0.015,positive
45,1,77,130,79,116,23.97,0.003,positive
55,0,73,125,78,125,95.34,0.003,positive
49,1,86,146,92,118,1.93,0.006,negative
60,1,79,142,75,139,1.72,5.31,positive
61,1,74,140,77,129,1.03,3.23,positive
52,1,96,147,84,93,1.6,0.005,negative
